model,test,Wald,df,p_value
2,Adding-up,1.7046737945182275e-11,9,1.0
2,Homogeneity,9.53761677853938,6,0.14552341675317584
2,Symmetry,16.7448638294823,15,0.3343438644114138
